229, 530, 511, 513, 47391, 7075
 230, 530, 511, 512, 47449, 7092
 228, 531, 511, 512, 47429, 7147
 229, 530, 511, 512, 47463, 7263
 230, 531, 511, 512, 47540, 7387
 230, 531, 510, 512, 47575, 7525
 230, 530, 512, 513, 47596, 7651
 229, 530, 511, 512, 47626, 7698
 230, 531, 511, 512, 47657, 7764
 230, 530, 511, 512, 47682, 7878
 230, 531, 510, 512, 47703, 7960
 230, 531, 511, 512, 47797, 8089
 230, 533, 513, 513, 47817, 8166
 229, 533, 511, 514, 47784, 8346
 230, 530, 511, 512, 47867, 8327
 230, 530, 511, 512, 47900, 8417
 230, 531, 511, 513, 47927, 8501
 230, 531, 511, 512, 47939, 8485
 229, 531, 511, 512, 47897, 8405
 230, 532, 513, 514, 47818, 8385
 230, 531, 513, 512, 47842, 8208
 230, 531, 511, 513, 47800, 8074
 230, 530, 511, 514, 47753, 7923
 229, 530, 511, 512, 47713, 7822
 231, 530, 510, 512, 47663, 7682
 230, 532, 513, 512, 47596, 7626
 229, 532, 511, 512, 47686, 7634
 232, 530, 511, 512, 47643, 7661
 229, 530, 512, 513, 47679, 7749
 230, 529, 511, 512, 47704, 7846
 230, 531, 511, 512, 47748, 7941
 230, 532, 510, 512, 47805, 7943
 230, 531, 511, 512, 47734, 7979
 229, 530, 512, 512, 47792, 8020
 230, 530, 511, 512, 47798, 8089
 229, 532, 510, 512, 47820, 8153
 230, 530, 511, 512, 47842, 8192
 232, 530, 510, 513, 47881, 8267
 230, 531, 510, 512, 47922, 8299
 230, 531, 511, 513, 47923, 8411
 230, 532, 511, 513, 47950, 8492
 230, 530, 511, 512, 47971, 8568
 229, 532, 510, 512, 48010, 8627
 230, 532, 512, 514, 48035, 8699
 231, 531, 512, 512, 48024, 8785
 232, 530, 511, 512, 48075, 8788
 231, 531, 511, 511, 48087, 8805
 232, 531, 511, 512, 48109, 8856
 231, 531, 511, 512, 48111, 8862
 230, 530, 512, 512, 48124, 8953
 230, 530, 511, 512, 48155, 9060
 230, 530, 511, 512, 48169, 9076
 230, 531, 513, 512, 48206, 9130
 230, 530, 511, 512, 48207, 9176
 230, 530, 511, 512, 48243, 9273
 230, 534, 510, 512, 48260, 9348
 230, 531, 511, 514, 48306, 9351
 230, 530, 512, 513, 48310, 9404
 230, 530, 511, 512, 48290, 9403
 230, 531, 511, 512, 48271, 9296
 230, 531, 510, 512, 48209, 9154
 231, 531, 510, 512, 48151, 8978
 230, 530, 513, 512, 48099, 8906
 230, 530, 511, 512, 48193, 8806
 231, 531, 511, 512, 48054, 8674
 231, 531, 512, 512, 48010, 8558
 231, 531, 511, 514, 47971, 8482
 231, 530, 511, 512, 47995, 8494
 230, 533, 510, 511, 47984, 8526
 229, 532, 511, 512, 48030, 8542
 230, 531, 511, 512, 47995, 8540
 229, 531, 510, 513, 48000, 8548
 231, 531, 511, 512, 48004, 8535
 231, 530, 511, 512, 47981, 8521
 231, 533, 510, 512, 47965, 8510
 230, 530, 511, 512, 48038, 8496
 231, 531, 510, 513, 47972, 8499
 229, 530, 511, 512, 47988, 8508
 230, 530, 511, 512, 47975, 8524
 230, 530, 510, 512, 47981, 8554
 231, 531, 511, 514, 47992, 8621
 229, 531, 511, 512, 47968, 8652
 230, 530, 510, 512, 48042, 8721
 231, 529, 511, 512, 48045, 8710
 230, 530, 511, 512, 48069, 8770
 230, 532, 510, 512, 48089, 8865
 231, 531, 512, 514, 48115, 8928
 230, 529, 511, 512, 48165, 9074
 229, 530, 511, 512, 48150, 9024
 231, 531, 510, 512, 48175, 9092
 230, 531, 511, 512, 48185, 9157
 230, 531, 510, 512, 48217, 9223
 230, 532, 512, 512, 48266, 9311
 230, 531, 511, 515, 48324, 9418
 230, 530, 510, 514, 48327, 9521
 230, 530, 510, 512, 48390, 9668
 230, 530, 511, 512, 48444, 9801
 229, 531, 511, 512, 48466, 9939
 231, 531, 511, 512, 48529, 10005
 229, 531, 513, 516, 48522, 10007
 229, 530, 513, 512, 48508, 9842
 230, 530, 511, 512, 48414, 9667
 230, 531, 511, 512, 48372, 9504
 231, 530, 510, 512, 48319, 9387
 232, 530, 511, 512, 48312, 9310
 232, 533, 512, 512, 48302, 9160
 231, 532, 511, 512, 48337, 9249
 230, 530, 511, 512, 48278, 9247
 230, 530, 510, 512, 48258, 9216
 231, 531, 510, 512, 48263, 9188
 230, 530, 512, 512, 48280, 9183
 229, 530, 510, 512, 48282, 9217
 230, 533, 511, 512, 48327, 9246
 231, 529, 511, 512, 48295, 9266
 230, 532, 511, 512, 48314, 9275
 230, 530, 511, 513, 48296, 9308
 230, 530, 510, 512, 48304, 9320
 231, 532, 510, 512, 48315, 9333
 230, 531, 511, 512, 48313, 9352
 230, 531, 511, 512, 48328, 9349
 230, 530, 511, 512, 48329, 9358
 230, 531, 511, 512, 48337, 9388
 230, 530, 511, 512, 48336, 9408
 231, 530, 511, 514, 48346, 9434
 230, 531, 511, 512, 48320, 9455
 230, 531, 511, 512, 48364, 9503
 230, 530, 511, 513, 48364, 9532
 230, 530, 511, 512, 48386, 9553
 230, 531, 510, 512, 48394, 9550
 229, 530, 512, 512, 48390, 9562
 230, 531, 511, 512, 48416, 9653
 231, 531, 511, 512, 48389, 9616
 231, 531, 511, 512, 48422, 9658
 231, 531, 510, 512, 48427, 9627
 231, 531, 510, 512, 48418, 9632
 230, 532, 512, 512, 48402, 9651
 230, 531, 513, 514, 48370, 9719
 230, 530, 511, 512, 48459, 9639
 231, 531, 511, 512, 48402, 9605
 231, 530, 511, 512, 48366, 9567
 230, 531, 512, 513, 48343, 9481
 231, 532, 511, 512, 48282, 9321
 231, 530, 513, 512, 48204, 9404
 230, 530, 511, 513, 48410, 9203
 231, 530, 511, 513, 48208, 9058
 231, 529, 511, 512, 48175, 8972
 231, 530, 511, 512, 48141, 8875
 232, 530, 511, 512, 48121, 8835
 231, 533, 512, 512, 48190, 8731
 230, 531, 511, 512, 48176, 8776
 230, 531, 511, 512, 48105, 8773
 230, 530, 511, 512, 48126, 8817
 231, 529, 512, 512, 48122, 8836
 230, 530, 510, 512, 48126, 8855
 231, 533, 510, 512, 48099, 8845
 231, 531, 511, 512, 48131, 8811
 229, 531, 511, 512, 48080, 8779
 232, 531, 511, 512, 48075, 8749
 231, 531, 512, 512, 48092, 8792
 232, 530, 511, 512, 48107, 8805
 233, 530, 510, 514, 48116, 8850
 231, 532, 511, 512, 48109, 8865
 231, 531, 512, 513, 48115, 8886
 230, 531, 511, 512, 48106, 8874
 231, 530, 511, 512, 48125, 8910
 230, 530, 511, 512, 48142, 8977
 231, 530, 511, 513, 48160, 9033
 231, 530, 511, 513, 48147, 9143
 230, 531, 511, 512, 48199, 9092
 230, 530, 511, 512, 48197, 9118
 230, 531, 511, 512, 48216, 9177
 231, 529, 511, 512, 48234, 9244
 230, 530, 512, 512, 48264, 9317
 230, 530, 511, 512, 48232, 9422
 230, 529, 511, 512, 48280, 9429
 230, 531, 510, 513, 48324, 9486
 231, 531, 511, 512, 48346, 9558
 230, 531, 511, 512, 48371, 9683
 230, 531, 510, 512, 48415, 9797
 231, 530, 511, 514, 48408, 9776
 231, 531, 511, 512, 48488, 9897
 231, 531, 511, 512, 48433, 9849
 230, 530, 511, 512, 48417, 9693
 231, 531, 511, 511, 48352, 9566
 230, 530, 510, 512, 48295, 9427
 230, 529, 513, 512, 48275, 9302
 231, 531, 511, 512, 48339, 9297
 231, 530, 511, 512, 48264, 9238
 230, 532, 512, 512, 48247, 9212
 230, 532, 512, 512, 48241, 9149
 231, 531, 510, 512, 48218, 9138
 230, 532, 510, 512, 48281, 9045
 231, 529, 511, 512, 48232, 9145
 230, 530, 511, 512, 48238, 9165
 230, 530, 511, 512, 48221, 9156
 230, 530, 511, 512, 48224, 9133
 231, 531, 511, 512, 48195, 9084
 231, 534, 510, 512, 48194, 9044
 231, 530, 511, 512, 48208, 9067
 231, 530, 511, 512, 48206, 9104
 231, 533, 511, 512, 48203, 9147
 231, 530, 512, 513, 48207, 9175
 231, 531, 511, 512, 48228, 9215
 232, 530, 512, 513, 48251, 9229
 231, 531, 511, 512, 48231, 9258
 230, 531, 511, 513, 48283, 9331
 231, 530, 511, 513, 48303, 9389
 230, 530, 511, 512, 48337, 9471
 229, 532, 510, 512, 48349, 9544
 231, 530, 512, 514, 48385, 9629
 230, 531, 511, 512, 48330, 9754
 232, 530, 510, 512, 48432, 9754
 231, 530, 511, 512, 48445, 9816
 232, 529, 511, 513, 48470, 9884
 232, 530, 511, 512, 48489, 9931
 231, 530, 513, 512, 48520, 10025
 230, 530, 511, 514, 48529, 10156
 229, 531, 511, 512, 48561, 10157
 229, 532, 510, 512, 48596, 10250
 230, 531, 511, 512, 48609, 10268
 230, 530, 511, 512, 48577, 10269
 230, 532, 510, 512, 48566, 10137
 230, 533, 513, 512, 48485, 10055
 230, 530, 511, 513, 48543, 9912
 230, 531, 511, 514, 48433, 9775
 230, 531, 512, 512, 48388, 9671
 231, 530, 511, 512, 48376, 9600
 231, 529, 511, 512, 48350, 9564
 230, 532, 510, 512, 48335, 9554
 230, 531, 511, 512, 48466, 9609
 233, 530, 510, 514, 48401, 9663
 232, 531, 510, 512, 48391, 9653
 232, 531, 511, 512, 48397, 9678
 232, 530, 511, 512, 48414, 9737
 232, 530, 510, 512, 48419, 9738
 231, 529, 511, 512, 48447, 9745
 231, 530, 511, 512, 48428, 9737
 231, 527, 513, 512, 48433, 9730
 231, 530, 511, 512, 48413, 9717
 231, 529, 511, 512, 48419, 9705
 232, 531, 511, 513, 48396, 9718
 230, 532, 511, 512, 48440, 9699
 231, 531, 511, 512, 48415, 9703
 231, 530, 511, 513, 48409, 9699
 231, 531, 511, 512, 48414, 9691
 231, 530, 511, 513, 48431, 9691
 231, 532, 512, 512, 48411, 9702
 231, 530, 511, 512, 48396, 9690
 231, 530, 511, 512, 48394, 9654
 231, 532, 511, 512, 48381, 9625
 231, 530, 511, 512, 48387, 9613
 230, 530, 511, 512, 48395, 9645
 231, 531, 512, 512, 48386, 9632
 231, 531, 511, 514, 48323, 9598
 230, 531, 511, 513, 48385, 9643
 231, 531, 511, 512, 48391, 9655
 231, 530, 511, 512, 48392, 9679
 230, 531, 511, 513, 48389, 9700
 231, 531, 510, 513, 48401, 9688
 231, 530, 513, 514, 48359, 9705
 231, 531, 511, 512, 48467, 9587
 230, 530, 511, 512, 48298, 9375
 231, 532, 510, 512, 48213, 9162
 231, 531, 511, 512, 48152, 8939
 231, 529, 511, 512, 48102, 8771
 231, 532, 513, 512, 48153, 8638
 230, 530, 510, 513, 48057, 8575
 231, 532, 510, 512, 47991, 8485
 231, 530, 511, 512, 47972, 8424
 230, 532, 513, 514, 47947, 8365
 231, 530, 511, 511, 47938, 8365
 230, 532, 510, 511, 47942, 8367
 230, 529, 511, 513, 48032, 8368
 231, 531, 510, 512, 47938, 8386
 230, 530, 510, 512, 47935, 8354
 229, 533, 510, 512, 47934, 8322
 231, 531, 511, 512, 47926, 8310
 231, 531, 511, 514, 47919, 8313
 230, 531, 511, 512, 47916, 8303
 230, 531, 511, 512, 47888, 8281
 230, 531, 511, 512, 47888, 8286
 230, 530, 511, 513, 47898, 8262
 230, 530, 511, 511, 47897, 8281
 232, 531, 511, 513, 47906, 8303
 231, 531, 511, 512, 47903, 8419
 232, 531, 511, 512, 47913, 8347
 231, 531, 511, 512, 47926, 8356
 231, 531, 510, 513, 47925, 8407
 229, 530, 511, 512, 47945, 8410
 230, 530, 513, 511, 47950, 8431
 230, 530, 511, 513, 47928, 8501
 230, 530, 511, 512, 47960, 8461
 230, 530, 511, 512, 47978, 8465
 230, 530, 511, 513, 47951, 8473
 230, 530, 511, 512, 47956, 8497
 230, 532, 511, 512, 47979, 8573
 230, 533, 511, 514, 47948, 8583
 230, 530, 511, 513, 48040, 8691
 231, 530, 511, 512, 48043, 8791
 231, 530, 511, 512, 48046, 8796
 231, 531, 511, 512, 48051, 8751
 231, 531, 510, 512, 47963, 8544
 230, 532, 513, 512, 47903, 8425
 230, 530, 511, 513, 47883, 8155
 231, 530, 511, 512, 47774, 7924
 230, 530, 511, 513, 47694, 7746
 231, 530, 511, 512, 47655, 7623
 232, 531, 510, 512, 47623, 7519
 230, 532, 513, 512, 47693, 7405
 230, 530, 511, 512, 47671, 7454
 230, 530, 511, 513, 47594, 7403
 230, 529, 511, 514, 47595, 7414
 230, 532, 510, 512, 47585, 7480
 230, 531, 510, 512, 47630, 7565
 231, 532, 511, 512, 47641, 7591
 230, 530, 511, 512, 47682, 7587
 231, 531, 511, 512, 47633, 7574
 230, 529, 510, 512, 47637, 7562
 230, 530, 511, 512, 47641, 7561
 230, 531, 511, 512, 47647, 7566
 231, 531, 510, 513, 47627, 7548
 230, 532, 510, 512, 47592, 7532
 230, 530, 512, 513, 47607, 7503
 230, 530, 511, 512, 47584, 7463
 230, 531, 511, 512, 47572, 7428
 231, 530, 510, 512, 47568, 7408
 231, 532, 512, 513, 47587, 7411
 230, 530, 511, 512, 47535, 7452
 231, 530, 511, 512, 47560, 7408
 231, 531, 511, 512, 47583, 7440
 230, 530, 511, 512, 47593, 7518
 230, 531, 511, 512, 47618, 7588
 230, 532, 512, 512, 47633, 7648
 231, 533, 513, 514, 47602, 7721
 230, 530, 511, 512, 47650, 7672
 230, 531, 511, 512, 47643, 7661
 230, 530, 510, 512, 47633, 7653
 230, 530, 511, 512, 47634, 7660
 232, 531, 511, 512, 47629, 7632
 231, 531, 511, 514, 47543, 7621
 231, 531, 511, 512, 47619, 7498
 232, 527, 512, 512, 47547, 7410
 232, 531, 511, 512, 47490, 7263
 232, 529, 510, 512, 47431, 7094
 231, 531, 510, 512, 47366, 6858
 231, 531, 513, 512, 47278, 6727
 230, 530, 511, 513, 47301, 6525
 231, 532, 511, 512, 47197, 6335
 230, 532, 510, 512, 47128, 6179
 230, 531, 511, 512, 47102, 6088
 232, 530, 511, 512, 47054, 5997
 231, 533, 510, 512, 47050, 5990
 231, 532, 510, 513, 47083, 6035
 231, 531, 511, 512, 47071, 6052
 231, 531, 510, 513, 47076, 6054
 231, 529, 510, 513, 47093, 6094
 231, 531, 510, 512, 47089, 6079
 231, 530, 510, 512, 47107, 6115
 230, 531, 511, 512, 47111, 6107
 230, 531, 511, 513, 47125, 6215
 231, 530, 511, 513, 47155, 6274
 230, 531, 511, 512, 47162, 6273
 230, 530, 510, 512, 47173, 6278
 232, 530, 512, 513, 47174, 6325
 231, 531, 511, 512, 47137, 6345
 230, 531, 511, 512, 47167, 6278
 230, 529, 511, 512, 47167, 6258
 230, 530, 511, 513, 47139, 6235
 230, 531, 511, 512, 47142, 6211
 230, 530, 512, 513, 47140, 6191
 230, 531, 511, 512, 47132, 6293
 230, 530, 511, 512, 47111, 6121
 230, 530, 510, 512, 47060, 5996
 231, 530, 511, 512, 47072, 6086
 231, 530, 510, 512, 47085, 6102
 231, 531, 514, 512, 47064, 6048
 231, 531, 511, 515, 47032, 6046
 230, 532, 511, 512, 47040, 6006
 231, 531, 511, 512, 47010, 5932
 231, 530, 511, 513, 46978, 5910
 231, 529, 510, 512, 46984, 5942
 230, 532, 510, 512, 47002, 5982
 231, 529, 514, 515, 46980, 6031
 231, 530, 511, 512, 47088, 6051
 231, 529, 511, 512, 47025, 6016
 230, 529, 512, 512, 46989, 5895
 232, 530, 511, 512, 46912, 5666
 231, 530, 510, 512, 46831, 5492
 230, 531, 513, 512, 46885, 5432
 231, 532, 511, 512, 46814, 5279
 231, 531, 513, 513, 46744, 5180
 231, 531, 511, 512, 46701, 5056
 230, 530, 511, 512, 46688, 4991
 231, 530, 510, 512, 46693, 5037
 232, 532, 511, 512, 46740, 5099
 232, 529, 511, 513, 46780, 5144
 232, 532, 511, 513, 46751, 5208
 233, 530, 510, 512, 46766, 5230
 232, 531, 510, 512, 46762, 5209
 232, 532, 510, 512, 46762, 5223
 232, 529, 512, 512, 46774, 5283
 231, 530, 511, 512, 46727, 5323
 232, 531, 510, 512, 46853, 5438
 230, 534, 511, 512, 46898, 5571
 231, 531, 510, 512, 46914, 5708
 231, 530, 510, 512, 46973, 5820
 233, 530, 510, 513, 47023, 5906
 230, 530, 510, 513, 47012, 5974
 230, 531, 511, 512, 47035, 6008
 230, 531, 510, 513, 47071, 6064
 230, 531, 510, 512, 47104, 6144
 231, 530, 511, 512, 47101, 6182
 231, 532, 512, 513, 47128, 6228
 231, 530, 511, 512, 47125, 6313
 229, 531, 511, 512, 47125, 6283
 230, 531, 510, 513, 47149, 6316
 230, 528, 511, 512, 47176, 6430
 231, 531, 510, 512, 47197, 6459
 231, 533, 514, 511, 47204, 6489
 232, 532, 510, 514, 47224, 6488
 231, 530, 511, 513, 47239, 6556
 231, 530, 511, 512, 47250, 6620
 231, 530, 511, 512, 47296, 6685
 231, 532, 510, 512, 47319, 6811
 230, 531, 510, 512, 47335, 6855
 231, 533, 513, 514, 47291, 6849
 231, 530, 511, 512, 47374, 6712
 231, 530, 511, 512, 47218, 6491
 231, 530, 511, 514, 47154, 6294
 230, 530, 511, 512, 47101, 6164
 231, 531, 510, 512, 47090, 6055
 231, 530, 515, 511, 47086, 5949
 231, 532, 510, 512, 47155, 5965
 231, 531, 511, 514, 47029, 5913
 230, 530, 511, 512, 47027, 5899
 231, 532, 510, 512, 47022, 5898
 231, 529, 511, 511, 47039, 5915
 229, 532, 512, 512, 47050, 5942
 231, 531, 510, 512, 47040, 5952
 230, 529, 510, 512, 47069, 5997
 231, 530, 511, 512, 47065, 5996
 230, 530, 511, 512, 47072, 5992
 231, 530, 511, 512, 47069, 5994
 231, 530, 511, 512, 47101, 6031
 231, 529, 511, 512, 47044, 6029
 230, 531, 511, 512, 47078, 6045
 231, 531, 510, 512, 47104, 6046
 231, 531, 511, 513, 47110, 6072
 231, 531, 511, 512, 47122, 6072
 234, 532, 511, 513, 47132, 6173
 232, 532, 510, 514, 47149, 6208
 232, 531, 511, 512, 47179, 6292
 230, 531, 511, 512, 47198, 6312
 230, 530, 511, 512, 47203, 6339
 231, 530, 511, 512, 47211, 6377
 230, 530, 512, 513, 47237, 6417
 231, 530, 513, 512, 47185, 6544
 231, 531, 511, 512, 47250, 6530
 231, 531, 511, 512, 47277, 6571
 231, 530, 511, 513, 47313, 6627
 231, 531, 510, 512, 47319, 6667
 231, 531, 512, 512, 47330, 6726
 231, 531, 511, 514, 47254, 6791
 231, 531, 511, 513, 47382, 6835
 231, 529, 511, 512, 47405, 6926
 231, 531, 511, 513, 47432, 7038
 230, 529, 511, 512, 47435, 7069
 230, 532, 510, 512, 47409, 6985
 231, 531, 512, 514, 47403, 6841
 231, 530, 512, 512, 47389, 6736
 231, 529, 511, 512, 47284, 6555
 231, 531, 512, 512, 47259, 6445
 231, 530, 510, 512, 47218, 6328
 230, 531, 512, 512, 47193, 6222
 230, 531, 513, 512, 47262, 6254
 231, 530, 512, 512, 47241, 6240
 231, 530, 511, 512, 47227, 6308
 230, 530, 513, 512, 47231, 6359
 231, 531, 511, 513, 47259, 6394
 231, 530, 511, 512, 47281, 6446
 231, 534, 510, 511, 47303, 6496
 231, 531, 511, 512, 47372, 6503
 231, 531, 512, 512, 47315, 6540
 232, 531, 511, 513, 47315, 6524
 231, 531, 511, 511, 47307, 6526
 231, 529, 511, 512, 47316, 6494
 232, 531, 511, 512, 47305, 6491
 231, 530, 510, 512, 47249, 6504
 230, 531, 511, 512, 47318, 6535
 232, 531, 511, 512, 47357, 6600
 231, 531, 511, 512, 47371, 6676
 231, 531, 510, 512, 47381, 6736
 233, 530, 511, 513, 47422, 6813
 231, 530, 511, 512, 47443, 6887
 232, 533, 508, 513, 47483, 6933
 230, 531, 511, 512, 47508, 7009
 231, 531, 511, 512, 47519, 7080
 231, 530, 511, 512, 47537, 7135
 230, 532, 512, 513, 47572, 7229
 231, 530, 510, 512, 47576, 7345
 231, 531, 511, 512, 47606, 7306
 233, 530, 511, 513, 47606, 7332
 232, 530, 512, 512, 47621, 7376
 232, 531, 510, 512, 47648, 7443
 232, 533, 513, 512, 47670, 7486
 232, 530, 511, 514, 47652, 7605
 232, 530, 511, 513, 47711, 7604
 231, 530, 511, 512, 47718, 7690
 231, 530, 511, 512, 47785, 7823
 230, 530, 511, 512, 47788, 7875
 230, 531, 511, 514, 47784, 7812
 230, 530, 512, 514, 47721, 7720
 231, 530, 511, 512, 47806, 7496
 230, 531, 511, 512, 47599, 7261
 230, 532, 510, 512, 47535, 7090
 231, 531, 511, 512, 47484, 6912
 232, 530, 511, 512, 47451, 6817
 231, 532, 513, 513, 47448, 6753
 231, 531, 510, 512, 47500, 6720
 231, 531, 510, 512, 47401, 6684
 231, 532, 511, 512, 47406, 6674
 231, 530, 511, 512, 47413, 6701
 231, 532, 510, 513, 47432, 6744
 230, 536, 510, 511, 47456, 6786
 231, 528, 512, 514, 47485, 6805
 231, 531, 511, 513, 47431, 6740
 231, 531, 511, 512, 47448, 6793
 232, 531, 511, 512, 47499, 6955
 231, 532, 510, 512, 47541, 7019
 231, 530, 511, 511, 47513, 7051
 230, 531, 511, 512, 47518, 7052
 231, 531, 511, 512, 47541, 7031
 230, 531, 510, 512, 47517, 7025
 230, 531, 510, 512, 47517, 6997
 230, 530, 510, 512, 47522, 7038
 232, 529, 512, 513, 47563, 7141
 231, 530, 511, 512, 47521, 7189
 231, 531, 511, 511, 47561, 7149
 231, 529, 511, 515, 47564, 7147
 231, 529, 511, 512, 47568, 7149
 231, 530, 511, 512, 47558, 7131
 230, 532, 512, 513, 47526, 7043
 231, 532, 510, 512, 47511, 7187
 230, 532, 511, 512, 47518, 7042
 232, 530, 511, 512, 47505, 6988
 231, 527, 511, 512, 47478, 6960
 231, 532, 510, 512, 47482, 6942
 231, 531, 512, 512, 47452, 6894
 231, 531, 511, 514, 47422, 6855
 231, 531, 511, 512, 47410, 6816
 232, 531, 510, 512, 47376, 6729
 232, 532, 510, 513, 47327, 6614
 231, 532, 511, 512, 47283, 6536
 231, 531, 511, 513, 47188, 6276
 230, 530, 514, 514, 47149, 6313
 230, 530, 510, 512, 47213, 5969
 231, 530, 511, 512, 46958, 5687
 233, 533, 511, 512, 46792, 5224
 233, 531, 512, 512, 46672, 4872
 233, 531, 511, 512, 46587, 4620
 232, 533, 512, 513, 46584, 4538
 231, 529, 511, 512, 46575, 4375
 231, 530, 511, 512, 46446, 4266
 232, 530, 511, 512, 46425, 4212
 232, 530, 511, 512, 46445, 4216
 232, 530, 511, 512, 46448, 4196
 231, 532, 510, 514, 46448, 4252
 231, 530, 510, 514, 46509, 4312
 231, 530, 510, 512, 46537, 4449
 231, 532, 511, 512, 46603, 4631
 231, 530, 511, 512, 46706, 4850
 230, 532, 510, 512, 46786, 5064
 232, 530, 511, 513, 46854, 5225
 231, 531, 511, 512, 46921, 5331
 231, 530, 512, 512, 46960, 5454
 231, 530, 512, 512, 47015, 5587
 231, 531, 510, 513, 47064, 5649
 231, 530, 510, 514, 47089, 5733
 231, 531, 510, 513, 47144, 5767
 231, 532, 511, 513, 47130, 5841
 231, 532, 511, 512, 47177, 5936
 231, 532, 510, 513, 47236, 6096
 231, 530, 511, 512, 47276, 6201
 231, 531, 510, 514, 47262, 6201
 231, 530, 514, 512, 47316, 6292
 230, 530, 511, 512, 47274, 6479
 231, 529, 511, 512, 47413, 6560
 232, 530, 511, 511, 47471, 6762
 230, 529, 511, 512, 47572, 7051
 231, 531, 511, 512, 47678, 7340
 230, 532, 512, 512, 47758, 7581
 230, 531, 510, 514, 47756, 7672
 230, 531, 511, 513, 47871, 7790
 231, 531, 510, 513, 47888, 7922
 231, 531, 511, 512, 47957, 8135
 230, 529, 511, 512, 48000, 8235
 232, 531, 510, 512, 47997, 8208
 230, 531, 513, 514, 47983, 8184
 231, 530, 511, 512, 48015, 8016
 232, 529, 511, 512, 47885, 7900
 231, 531, 511, 512, 47877, 7869
 231, 530, 511, 512, 47863, 7829
 231, 530, 510, 511, 47870, 7796
 231, 533, 513, 512, 47926, 7798
 230, 531, 511, 512, 47895, 7815
 231, 530, 511, 514, 47863, 7778
 231, 531, 511, 512, 47872, 7812
 231, 529, 511, 512, 47896, 7890
 231, 530, 510, 512, 47891, 7864
 230, 533, 511, 512, 47851, 7762
 230, 530, 511, 512, 47814, 7657
 231, 531, 512, 512, 47726, 7379
 232, 531, 511, 512, 47662, 7239
 232, 530, 511, 512, 47624, 7134
 232, 530, 511, 512, 47584, 7018
 232, 530, 511, 512, 47550, 6940
 231, 530, 511, 512, 47524, 6923
 231, 530, 511, 513, 47527, 6888
 231, 531, 511, 512, 47519, 6898
 231, 532, 511, 512, 47515, 6885
 231, 530, 511, 512, 47545, 6909
 232, 529, 510, 514, 47510, 6888
 231, 530, 511, 512, 47461, 6897
 231, 532, 511, 512, 47500, 6861
 231, 530, 512, 513, 47537, 6913
 231, 530, 510, 512, 47548, 6954
 230, 532, 511, 512, 47581, 7055
 231, 529, 514, 512, 47608, 7137
 231, 531, 511, 512, 47512, 7287
 231, 532, 511, 512, 47621, 7186
 231, 530, 511, 512, 47630, 7214
 231, 531, 512, 512, 47640, 7229
 231, 530, 511, 512, 47685, 7363
 232, 532, 512, 512, 47727, 7481
 230, 530, 511, 514, 47739, 7487
 230, 530, 511, 512, 47804, 7614
 231, 530, 512, 512, 47711, 7397
 230, 528, 511, 512, 47630, 7175
 231, 530, 510, 512, 47554, 6977
 231, 533, 511, 512, 47519, 6872
 231, 532, 513, 514, 47493, 6856
 231, 531, 511, 512, 47620, 6892
 231, 530, 511, 512, 47539, 6932
 232, 530, 511, 512, 47552, 6939
 231, 530, 511, 512, 47569, 6961
 232, 529, 513, 512, 47550, 6895
 231, 533, 513, 511, 47615, 6874
 231, 530, 510, 512, 47556, 6960
 231, 530, 511, 512, 47579, 7017
 231, 530, 511, 512, 47584, 7005
 231, 531, 510, 512, 47585, 7044
 232, 530, 511, 512, 47574, 6975
 231, 533, 510, 512, 47566, 6939
 231, 530, 511, 512, 47588, 6923
 231, 530, 511, 512, 47545, 6892
 231, 531, 511, 512, 47526, 6854
 231, 531, 513, 513, 47518, 6829
 231, 530, 513, 512, 47516, 6804
 232, 530, 510, 513, 47483, 6768
 231, 531, 511, 513, 47525, 6763
 232, 531, 511, 512, 47478, 6756
 230, 531, 511, 512, 47501, 6794
 231, 530, 512, 512, 47534, 6894
 231, 530, 510, 512, 47528, 6914
 232, 530, 511, 514, 47526, 6950
 232, 531, 511, 512, 47474, 7033
 232, 533, 511, 512, 47555, 6966
 232, 531, 511, 513, 47560, 7035
 232, 531, 510, 512, 47591, 7053
 231, 531, 510, 511, 47624, 7139
 230, 530, 512, 512, 47612, 7173
 231, 531, 511, 513, 47532, 7214
 230, 531, 511, 512, 47664, 7240
 231, 530, 512, 512, 47663, 7322
 231, 530, 511, 512, 47692, 7394
 231, 531, 510, 512, 47712, 7487
 230, 531, 512, 512, 47776, 7594
 230, 530, 512, 514, 47806, 7607
 231, 532, 511, 512, 47751, 7438
 231, 531, 511, 512, 47658, 7249
 231, 530, 511, 513, 47606, 7089
 231, 530, 511, 512, 47568, 7001
 231, 532, 511, 512, 47547, 6927
 231, 531, 513, 512, 47537, 6955
 231, 531, 510, 514, 47659, 6856
 231, 532, 510, 512, 47526, 6836
 231, 533, 511, 512, 47543, 6818
 231, 529, 513, 512, 47528, 6833
 231, 530, 511, 512, 47539, 6862
 231, 533, 514, 512, 47630, 6811
 230, 530, 511, 512, 47503, 6941
 231, 532, 511, 512, 47615, 7018
 231, 530, 511, 512, 47612, 7023
 231, 531, 511, 512, 47599, 7020
 231, 530, 511, 512, 47610, 7034
 231, 533, 511, 511, 47603, 7064
 231, 530, 511, 512, 47613, 7100
 231, 530, 511, 512, 47649, 7149
 231, 532, 511, 512, 47642, 7185
 231, 531, 513, 512, 47679, 7226
 231, 530, 510, 512, 47678, 7242
 232, 531, 510, 512, 47694, 7291
 231, 531, 510, 512, 47709, 7318
 231, 530, 511, 512, 47728, 7365
 231, 531, 510, 512, 47748, 7431
 231, 531, 511, 512, 47778, 7503
 231, 530, 511, 512, 47801, 7551
 231, 532, 510, 513, 47835, 7652
 230, 531, 511, 512, 47864, 7773
 231, 531, 511, 512, 47877, 7802
 231, 531, 511, 512, 47881, 7840
 232, 531, 511, 512, 47905, 7865
 231, 530, 511, 512, 47911, 7873
 230, 531, 512, 512, 47916, 7932
 230, 530, 511, 512, 47849, 8041
 232, 531, 511, 513, 47955, 8024
 231, 529, 510, 513, 47989, 8112
 231, 530, 511, 512, 48026, 8230
 230, 531, 510, 512, 48040, 8275
 233, 533, 510, 512, 48000, 8176
 233, 531, 511, 514, 47961, 8084
 233, 531, 511, 512, 47907, 7842
 232, 532, 511, 512, 47834, 7623
 231, 532, 510, 512, 47758, 7466
 230, 531, 511, 512, 47749, 7370
 232, 531, 510, 512, 47704, 7296
 231, 529, 513, 512, 47711, 7308
 231, 530, 511, 513, 47768, 7155
 231, 530, 511, 512, 47687, 7193
 231, 531, 510, 512, 47690, 7255
 231, 529, 510, 512, 47712, 7326
 232, 530, 510, 512, 47733, 7375
 231, 533, 513, 511, 47823, 7334
 230, 530, 511, 512, 47796, 7445
 231, 531, 510, 512, 47777, 7469
 231, 530, 511, 512, 47781, 7458
 231, 530, 512, 512, 47804, 7511
 231, 530, 511, 513, 47846, 7631
 231, 531, 510, 512, 47895, 7785
 231, 531, 511, 512, 47968, 7846
 231, 533, 511, 512, 47964, 7948
 231, 533, 511, 512, 47975, 7990
 231, 531, 510, 512, 47999, 8045
 231, 530, 510, 512, 48024, 8130
 233, 530, 510, 514, 48048, 8215
 232, 531, 511, 512, 48088, 8277
 232, 530, 511, 512, 48119, 8403
 232, 531, 511, 512, 48167, 8486
 232, 531, 511, 511, 48192, 8544
 232, 529, 510, 512, 48203, 8584
 231, 529, 512, 513, 48226, 8651
 232, 530, 511, 512, 48261, 8802
 232, 533, 511, 512, 48253, 8762
 231, 530, 511, 512, 48286, 8854
 232, 530, 510, 512, 48336, 8954
 231, 531, 513, 512, 48369, 9062
 232, 530, 512, 512, 48395, 9149
 231, 531, 511, 512, 48367, 9314
 232, 530, 511, 512, 48449, 9256
 231, 530, 511, 513, 48428, 9166
 231, 530, 511, 512, 48359, 9012
 231, 530, 511, 512, 48280, 8774
 231, 531, 510, 513, 48222, 8600
 232, 530, 511, 514, 48199, 8503
 232, 531, 511, 513, 48193, 8422
 232, 530, 511, 512, 48154, 8383
 232, 530, 511, 512, 48144, 8338
 232, 531, 511, 512, 48152, 8336
 232, 532, 511, 513, 48160, 8381
 232, 531, 513, 512, 48151, 8407
 232, 531, 511, 512, 48245, 8458
 232, 531, 510, 512, 48220, 8560
 230, 533, 511, 512, 48230, 8609
 233, 531, 510, 514, 48237, 8596
 234, 531, 511, 512, 48218, 8566
 233, 533, 510, 512, 48272, 8498
 233, 532, 510, 512, 48326, 8536
 232, 531, 511, 511, 48247, 8629
 231, 531, 511, 512, 48252, 8658
 232, 531, 510, 512, 48250, 8675
 231, 530, 512, 512, 48250, 8648
 232, 533, 510, 512, 48236, 8627
 231, 530, 511, 512, 48280, 8632
 232, 531, 511, 512, 48261, 8675
 231, 531, 511, 512, 48276, 8701
 231, 531, 511, 512, 48281, 8728
 232, 530, 513, 512, 48280, 8754
 234, 529, 511, 515, 48281, 8745
 230, 529, 511, 513, 48244, 8739
 232, 531, 511, 512, 48279, 8721
 231, 531, 511, 513, 48280, 8681
 232, 529, 511, 512, 48241, 8629
 232, 529, 511, 512, 48230, 8602
 232, 530, 512, 513, 48243, 8626
 232, 531, 511, 512, 48198, 8692
 231, 531, 511, 513, 48219, 8659
 232, 531, 511, 512, 48241, 8679
 232, 530, 511, 513, 48253, 8704
 231, 530, 511, 513, 48241, 8660
 232, 530, 512, 513, 48194, 8511
 232, 531, 511, 514, 48111, 8489
 232, 530, 511, 512, 48073, 8164
 232, 531, 513, 512, 48005, 7968
 232, 531, 513, 512, 47963, 7849
 231, 530, 510, 513, 47950, 7785
 230, 531, 511, 512, 47929, 7763
 231, 531, 511, 514, 47895, 7809
 231, 530, 511, 512, 48016, 7707
 232, 531, 511, 512, 47909, 7676
 231, 530, 510, 514, 47921, 7646
 231, 531, 511, 512, 47922, 7724
 232, 531, 513, 513, 47925, 7773
 231, 531, 512, 512, 47918, 7724
 231, 532, 512, 513, 48018, 7774
 232, 532, 510, 512, 47946, 7769
 231, 531, 513, 513, 47939, 7782
 231, 528, 511, 512, 47948, 7821
 232, 530, 511, 512, 47979, 7853
 230, 532, 511, 512, 48018, 7822
 232, 530, 511, 512, 47989, 7872
 230, 530, 511, 512, 47977, 7852
 231, 530, 511, 512, 47972, 7898
 231, 530, 510, 512, 47995, 7951
 230, 529, 511, 512, 48011, 8017
 234, 530, 511, 512, 48029, 8052
 233, 531, 511, 513, 48037, 8054
 229, 531, 511, 512, 48009, 8034
 233, 530, 511, 512, 48034, 8074
 233, 530, 510, 512, 48041, 8070
 233, 530, 511, 512, 48045, 8129
 236, 529, 510, 513, 48062, 8179
 232, 530, 511, 512, 48000, 8191
 233, 531, 511, 513, 48083, 8226
 232, 531, 511, 512, 48108, 8306
 232, 531, 511, 513, 48134, 8379
 232, 531, 511, 512, 48176, 8482
 233, 530, 513, 513, 48218, 8608
 231, 530, 511, 512, 48215, 8774
 231, 530, 510, 514, 48277, 8813
 232, 531, 511, 512, 48291, 8813
 231, 532, 510, 512, 48234, 8709
 231, 530, 511, 512, 48169, 8478
 232, 532, 512, 512, 48100, 8252
 232, 530, 511, 515, 48011, 8214
 232, 531, 511, 513, 48005, 7994
 231, 530, 510, 513, 47987, 7898
 231, 530, 511, 512, 47952, 7791
 230, 529, 510, 512, 47938, 7731
 230, 531, 511, 512, 47917, 7714
 231, 530, 513, 514, 47860, 7694
 231, 531, 511, 514, 47976, 7714
 232, 531, 511, 512, 47944, 7757
 231, 531, 511, 512, 47961, 7782
 231, 531, 511, 512, 47930, 7796
 231, 530, 510, 512, 47932, 7764
 231, 531, 513, 512, 47981, 7801
 231, 531, 511, 513, 47960, 7755
 231, 531, 510, 512, 47944, 7769
 231, 530, 511, 512, 47953, 7832
 230, 530, 511, 512, 47968, 7830
 232, 530, 511, 513, 47960, 7835
 229, 534, 510, 512, 47966, 7836
 231, 532, 511, 512, 47992, 7848
 231, 531, 511, 514, 47980, 7879
 231, 532, 511, 512, 47994, 7927
 231, 530, 511, 511, 48005, 7940
 232, 531, 510, 512, 48004, 7999
 232, 531, 510, 511, 48021, 8061
 232, 532, 510, 512, 48036, 8100
 232, 531, 512, 513, 48066, 8162
 232, 530, 511, 512, 48087, 8218
 232, 530, 511, 512, 48104, 8278
 232, 530, 511, 513, 48105, 8313
 234, 529, 511, 514, 48144, 8321
 232, 530, 511, 512, 48109, 8361
 232, 531, 511, 512, 48157, 8391
 232, 531, 511, 512, 48167, 8429
 232, 532, 510, 513, 48180, 8493
 232, 530, 510, 512, 48202, 8550
 232, 530, 512, 513, 48219, 8605
 230, 529, 511, 512, 48225, 8692
 233, 531, 511, 513, 48187, 8522
 233, 531, 511, 512, 48153, 8342
 233, 530, 511, 512, 48053, 8123
 233, 531, 510, 512, 47983, 7886
 230, 532, 512, 512, 47939, 7746
 231, 531, 511, 514, 47856, 7670
 231, 529, 511, 512, 47894, 7645
 233, 531, 511, 512, 47905, 7615
 230, 531, 510, 514, 47883, 7595
 231, 530, 511, 512, 47886, 7566
 230, 532, 510, 512, 47887, 7562
 231, 531, 513, 514, 47813, 7537
 231, 530, 511, 512, 47951, 7618
 231, 530, 511, 512, 47916, 7648
 230, 530, 511, 512, 47909, 7637
 230, 531, 510, 512, 47881, 7559
 232, 530, 510, 512, 47899, 7558
 231, 533, 513, 512, 47919, 7631
 230, 530, 511, 512, 47922, 7601
 231, 530, 511, 512, 47915, 7646
 230, 531, 511, 512, 47934, 7665
 231, 531, 510, 513, 47926, 7730
 231, 531, 511, 512, 47966, 7857
 230, 532, 510, 512, 48025, 7993
 232, 531, 511, 512, 48000, 8054
 232, 530, 511, 512, 48065, 8175
 232, 531, 512, 512, 48110, 8274
 232, 532, 511, 512, 48142, 8367
 232, 530, 510, 512, 48183, 8495
 233, 531, 510, 512, 48239, 8626
 231, 530, 512, 512, 48195, 8689
 232, 531, 511, 512, 48298, 8820
 231, 531, 510, 512, 48359, 8950
 231, 532, 511, 512, 48401, 9040
 232, 530, 511, 512, 48415, 9157
 233, 530, 510, 514, 48450, 9255
 231, 530, 511, 512, 48413, 9348
 232, 532, 511, 513, 48499, 9395
 231, 530, 511, 512, 48556, 9530
 231, 531, 510, 512, 48587, 9600
 232, 531, 510, 512, 48592, 9652
 231, 530, 512, 513, 48570, 9586
 231, 531, 511, 512, 48564, 9637
 232, 530, 511, 512, 48476, 9262
 231, 530, 511, 512, 48425, 9096
 232, 531, 511, 512, 48371, 8989
 232, 530, 511, 511, 48351, 8867
 232, 531, 513, 512, 48310, 8722
 232, 529, 511, 514, 48256, 8639
 231, 530, 511, 512, 48214, 8510
 232, 532, 511, 512, 48196, 8427
 232, 530, 511, 513, 48209, 8448
 232, 531, 511, 512, 48231, 8529
 232, 532, 510, 512, 48258, 8613
 230, 530, 513, 514, 48253, 8647
 233, 530, 511, 512, 48357, 8738
 233, 531, 511, 512, 48350, 8838
 233, 530, 511, 512, 48381, 8909
 233, 529, 511, 512, 48396, 8994
 232, 529, 510, 512, 48443, 9085
 232, 533, 512, 512, 48503, 9060
 231, 530, 511, 513, 48530, 9196
 232, 530, 511, 512, 48518, 9314
 230, 532, 511, 512, 48527, 9345
 232, 530, 511, 512, 48543, 9394
 230, 533, 510, 514, 48547, 9391
 231, 530, 511, 512, 48521, 9368
 232, 530, 511, 512, 48589, 9461
 231, 531, 511, 512, 48615, 9548
 231, 530, 511, 512, 48650, 9666
 232, 530, 511, 512, 48676, 9709
 233, 529, 511, 511, 48673, 9732
 232, 529, 511, 513, 48667, 9778
 232, 530, 511, 512, 48694, 9796
 232, 530, 511, 512, 48726, 9890
 232, 532, 511, 512, 48773, 10016
 231, 530, 511, 512, 48800, 10108
 231, 531, 512, 513, 48833, 10179
 231, 530, 511, 512, 48784, 10200
 234, 530, 511, 514, 48798, 10103
 231, 530, 511, 512, 48745, 9934
 232, 530, 511, 512, 48669, 9690
 232, 531, 510, 512, 48570, 9451
 231, 532, 512, 512, 48513, 9238
 231, 532, 512, 514, 48457, 9242
 232, 530, 510, 512, 48422, 8998
 233, 531, 510, 514, 48362, 8845
 232, 530, 511, 512, 48317, 8731
 231, 531, 512, 512, 48312, 8657
 231, 531, 510, 512, 48303, 8639
 231, 530, 513, 514, 48269, 8715
 231, 531, 511, 512, 48336, 8696
 232, 531, 511, 512, 48346, 8726
 232, 530, 511, 512, 48345, 8747
 231, 530, 510, 512, 48345, 8787
 232, 531, 510, 514, 48347, 8772
 231, 533, 512, 512, 48345, 8773
 232, 530, 511, 512, 48395, 8802
 232, 530, 511, 512, 48370, 8839
 231, 530, 511, 512, 48376, 8887
 231, 531, 511, 512, 48412, 8964
 232, 530, 511, 512, 48442, 8992
 231, 533, 510, 514, 48496, 8997
 232, 530, 511, 512, 48464, 9067
 231, 531, 511, 512, 48472, 9095
 232, 532, 511, 512, 48474, 9133
 231, 530, 510, 512, 48488, 9163
 232, 531, 511, 512, 48491, 9208
 232, 531, 510, 512, 48495, 9228
 231, 531, 511, 512, 48538, 9249
 231, 530, 511, 512, 48503, 9239
 231, 531, 510, 512, 48517, 9244
 231, 532, 511, 512, 48519, 9286
 231, 530, 511, 512, 48541, 9324
 232, 530, 512, 513, 48561, 9383
 231, 530, 510, 512, 48542, 9455
 232, 531, 510, 512, 48584, 9490
 231, 531, 511, 512, 48611, 9560
 231, 530, 511, 512, 48634, 9657
 231, 530, 511, 513, 48654, 9682
 234, 530, 514, 513, 48641, 9638
 233, 531, 510, 512, 48541, 9604
 233, 530, 511, 513, 48536, 9316
 234, 531, 511, 512, 48457, 9076
 232, 530, 511, 512, 48390, 8876
 231, 531, 510, 512, 48322, 8762
 232, 531, 512, 512, 48302, 8653
 232, 530, 511, 516, 48250, 8622
 231, 531, 512, 512, 48264, 8539
 232, 529, 511, 512, 48257, 8509
 232, 530, 511, 512, 48236, 8476
 232, 532, 511, 513, 48229, 8477
 232, 532, 510, 512, 48240, 8485
 232, 531, 513, 514, 48224, 8452
 233, 530, 511, 512, 48366, 8540
 232, 530, 511, 512, 48275, 8525
 232, 530, 511, 512, 48283, 8530
 232, 532, 510, 512, 48273, 8560
 232, 530, 510, 512, 48314, 8610
 231, 532, 513, 512, 48372, 8650
 232, 531, 511, 512, 48395, 8774
 231, 530, 511, 512, 48371, 8849
 232, 530, 511, 512, 48395, 8915
 231, 530, 511, 512, 48413, 8954
 232, 530, 512, 512, 48428, 9000
 231, 533, 510, 512, 48433, 9039
 232, 530, 511, 512, 48470, 9026
 231, 529, 511, 512, 48436, 9043
 232, 530, 510, 512, 48443, 9065
 232, 530, 511, 512, 48462, 9078
 231, 530, 510, 512, 48446, 9081
 233, 531, 511, 511, 48455, 9086
 232, 530, 511, 512, 48406, 9098
 231, 529, 511, 512, 48479, 9158
 231, 530, 511, 512, 48474, 9219
 231, 530, 513, 512, 48501, 9274
 231, 530, 511, 512, 48532, 9338
 232, 532, 510, 513, 48535, 9370
 232, 530, 511, 512, 48503, 9437
 231, 530, 511, 512, 48578, 9468
 231, 531, 511, 512, 48577, 9499
 231, 530, 511, 512, 48560, 9431
 232, 530, 510, 511, 48474, 9203
 232, 529, 512, 512, 48401, 8914
 232, 530, 511, 513, 48287, 8910
 232, 530, 511, 512, 48248, 8533
 232, 531, 510, 512, 48200, 8362
 232, 529, 511, 512, 48157, 8281
 232, 530, 511, 511, 48164, 8291
 232, 531, 512, 512, 48172, 8289
 232, 530, 511, 514, 48131, 8307
 232, 528, 511, 512, 48225, 8338
 232, 530, 511, 512, 48196, 8393
 231, 530, 513, 512, 48219, 8433
 233, 531, 511, 512, 48250, 8527
 234, 531, 510, 512, 48272, 8593
 233, 531, 513, 514, 48254, 8595
 233, 532, 511, 512, 48380, 8669
 231, 530, 511, 512, 48314, 8719
 231, 531, 511, 513, 48327, 8767
 232, 530, 510, 512, 48357, 8811
 233, 530, 510, 512, 48372, 8872
 232, 531, 513, 512, 48463, 8860
 232, 531, 511, 512, 48451, 8934
 231, 530, 511, 512, 48401, 8961
 232, 530, 512, 512, 48412, 8983
 232, 531, 510, 513, 48429, 9051
 232, 531, 511, 512, 48473, 9121
 231, 533, 512, 512, 48484, 9209
 232, 532, 511, 513, 48524, 9271
 231, 531, 511, 512, 48524, 9340
 232, 530, 511, 512, 48545, 9416
 231, 533, 510, 512, 48561, 9496
 230, 531, 510, 512, 48605, 9563
 232, 530, 511, 512, 48626, 9649
 232, 530, 511, 512, 48620, 9693
 232, 531, 511, 512, 48657, 9736
 232, 530, 511, 512, 48692, 9773
 233, 530, 511, 511, 48685, 9782
 232, 530, 511, 512, 48704, 9839
 232, 531, 510, 513, 48712, 9899
 231, 529, 511, 514, 48668, 9960
 232, 529, 513, 512, 48729, 9887
 232, 530, 511, 512, 48661, 9760
 232, 529, 511, 512, 48600, 9539
 231, 531, 510, 512, 48505, 9275
 231, 529, 512, 512, 48473, 9165
 231, 531, 511, 512, 48416, 9188
 232, 531, 511, 512, 48424, 9051
 232, 531, 511, 512, 48425, 9050
 232, 531, 511, 512, 48429, 9062
 232, 530, 510, 512, 48448, 9069
 232, 532, 510, 512, 48469, 9129
 232, 530, 511, 514, 48419, 9117
 232, 529, 510, 512, 48543, 9189
 231, 531, 510, 512, 48519, 9236
 231, 530, 511, 512, 48502, 9212
 232, 530, 511, 512, 48460, 9129
 232, 532, 510, 511, 48442, 9019
 231, 531, 513, 512, 48398, 9019
 232, 530, 511, 512, 48458, 8982
 232, 531, 511, 512, 48439, 9007
 231, 530, 512, 512, 48436, 9023
 232, 532, 511, 512, 48454, 9091
 233, 530, 511, 512, 48476, 9168
 231, 533, 512, 512, 48548, 9094
 232, 530, 511, 512, 48531, 9231
 234, 530, 511, 512, 48513, 9276
 232, 531, 510, 512, 48534, 9314
 233, 530, 511, 512, 48546, 9405
 233, 530, 511, 512, 48604, 9512
 232, 533, 511, 512, 48626, 9612
 233, 530, 511, 513, 48636, 9649
 232, 530, 511, 513, 48649, 9678
 232, 530, 511, 512, 48663, 9687
 232, 530, 511, 512, 48653, 9689
 232, 531, 510, 512, 48651, 9676
 233, 531, 510, 512, 48635, 9654
 232, 530, 511, 512, 48622, 9656
 231, 531, 511, 512, 48655, 9710
 232, 530, 511, 512, 48657, 9711
 232, 529, 510, 512, 48654, 9677
 232, 530, 511, 512, 48596, 9467
 232, 531, 510, 513, 48469, 9137
 232, 531, 511, 512, 48366, 9016
 232, 532, 511, 512, 48302, 8668
 232, 531, 511, 512, 48234, 8473
 232, 530, 511, 512, 48191, 8372
 232, 530, 511, 512, 48168, 8306
 232, 530, 512, 512, 48150, 8264
 232, 531, 511, 513, 48107, 8293
 232, 531, 511, 512, 48152, 8251
 233, 530, 511, 512, 48156, 8263
 232, 530, 511, 512, 48173, 8268
 232, 530, 510, 512, 48179, 8289
 232, 532, 512, 512, 48172, 8329
 232, 532, 510, 514, 48148, 8261
 231, 530, 511, 513, 48214, 8365
 232, 532, 511, 512, 48212, 8407
 232, 531, 511, 514, 48231, 8450
 232, 531, 510, 512, 48219, 8453
 232, 533, 510, 512, 48230, 8458
 232, 531, 513, 514, 48254, 8439
 232, 530, 511, 512, 48330, 8533
 232, 531, 511, 513, 48216, 8538
 232, 530, 511, 512, 48240, 8559
 232, 531, 510, 512, 48256, 8577
 233, 530, 510, 512, 48267, 8596
 232, 532, 513, 512, 48346, 8518
 232, 532, 511, 512, 48318, 8667
 232, 531, 511, 512, 48318, 8745
 231, 531, 511, 512, 48326, 8776
 232, 530, 511, 512, 48321, 8800
 233, 530, 510, 512, 48324, 8764
 232, 532, 510, 512, 48314, 8761
 231, 531, 510, 512, 48343, 8748
 232, 534, 511, 512, 48319, 8852
 231, 530, 511, 512, 48362, 8934
 232, 530, 511, 511, 48385, 9026
 232, 529, 511, 512, 48407, 9091
 233, 531, 510, 512, 48416, 9129
 232, 531, 511, 512, 48374, 9078
 230, 531, 511, 512, 48345, 8890
 233, 531, 511, 512, 48243, 8563
 234, 532, 510, 513, 48139, 8262
 234, 530, 510, 512, 48057, 8003
 234, 530, 510, 513, 47996, 7872
 231, 531, 511, 512, 47930, 7899
 231, 529, 511, 512, 47970, 7785
 231, 530, 511, 512, 47960, 7761
 231, 530, 512, 513, 47934, 7739
 231, 531, 510, 512, 47953, 7747
 231, 531, 512, 513, 47965, 7792
 231, 531, 511, 512, 47936, 7927
 231, 531, 510, 512, 47985, 7874
 231, 531, 511, 513, 48002, 7929
 232, 530, 511, 512, 48000, 7915
 232, 530, 511, 512, 48004, 7899
 232, 531, 512, 512, 48008, 7920
 232, 530, 511, 514, 47944, 7952
 231, 531, 511, 512, 48046, 7994
 232, 531, 510, 512, 48031, 8009
 233, 531, 511, 512, 48047, 8041
 233, 530, 511, 514, 48054, 8064
 233, 533, 511, 512, 48057, 8136
 232, 530, 513, 514, 48019, 8150
 231, 532, 511, 512, 48198, 8174
 232, 531, 511, 512, 48094, 8221
 232, 531, 511, 513, 48135, 8294
 231, 531, 510, 513, 48140, 8359
 233, 531, 510, 512, 48167, 8443
 233, 531, 513, 513, 48253, 8403
 232, 530, 511, 512, 48208, 8549
 231, 531, 511, 512, 48229, 8626
 232, 531, 510, 512, 48244, 8679
 232, 530, 511, 512, 48272, 8751
 232, 530, 511, 512, 48277, 8824
 231, 532, 511, 513, 48307, 8878
 232, 531, 510, 512, 48318, 8928
 231, 530, 511, 513, 48349, 8995
 232, 531, 511, 512, 48353, 9030
 232, 531, 512, 512, 48342, 9021
 232, 531, 511, 512, 48309, 8838
 233, 531, 511, 512, 48191, 8525
 232, 529, 511, 512, 48176, 8395
 232, 530, 511, 512, 48038, 8109
 233, 529, 511, 512, 47971, 7901
 231, 532, 511, 512, 47930, 7748
 231, 530, 511, 512, 47896, 7692
 232, 531, 510, 513, 47907, 7678
 231, 531, 511, 512, 47869, 7781
 231, 530, 512, 512, 47903, 7712
 231, 530, 511, 512, 47905, 7725
 231, 531, 511, 512, 47922, 7746
 231, 530, 511, 513, 47932, 7783
 231, 531, 512, 512, 47947, 7800
 234, 529, 511, 514, 47847, 7879
 233, 530, 511, 512, 47922, 7823
 233, 529, 511, 512, 47949, 7822
 233, 530, 510, 512, 47970, 7891
 232, 530, 511, 512, 47975, 7913
 232, 533, 511, 512, 47965, 7957
 231, 530, 513, 514, 47933, 8035
 232, 532, 511, 512, 48006, 7976
 232, 532, 511, 512, 48017, 8046
 233, 530, 511, 512, 48034, 8145
 232, 529, 511, 512, 48056, 8194
 232, 533, 511, 512, 48057, 8241
 233, 531, 513, 514, 48021, 8268
 233, 531, 511, 512, 48160, 8308
 232, 530, 511, 512, 48116, 8359
 231, 531, 510, 512, 48109, 8405
 233, 530, 511, 512, 48140, 8489
 234, 531, 511, 512, 48172, 8545
 232, 533, 513, 512, 48252, 8498
 233, 531, 511, 512, 48305, 8632
 232, 530, 511, 512, 48203, 8652
 233, 530, 511, 514, 48198, 8677
 232, 531, 510, 512, 48215, 8732
 232, 531, 510, 513, 48260, 8831
 232, 532, 511, 512, 48290, 8939
 232, 531, 510, 512, 48390, 8976
 232, 530, 511, 512, 48322, 9018
 232, 531, 511, 512, 48310, 8994
 232, 530, 511, 512, 48252, 8818
 232, 530, 511, 512, 48168, 8546
 233, 530, 511, 514, 48057, 8242
 233, 531, 511, 512, 48043, 8115
 232, 531, 511, 514, 47945, 7863
 231, 531, 511, 512, 47901, 7781
 231, 530, 511, 512, 47876, 7735
 231, 530, 510, 512, 47886, 7766
 232, 530, 510, 514, 47897, 7794
 231, 530, 510, 512, 47838, 7859
 231, 530, 511, 512, 47899, 7830
 231, 531, 511, 512, 47932, 7873
 231, 531, 510, 512, 47941, 7945
 231, 530, 510, 512, 47942, 7983
 231, 531, 512, 512, 47958, 8003
 231, 531, 511, 512, 47873, 8110
 232, 531, 510, 512, 47992, 8069
 231, 530, 511, 512, 47992, 8109
 231, 531, 511, 512, 48016, 8179
 233, 529, 511, 512, 48061, 8269
 232, 532, 510, 512, 48077, 8318
 232, 531, 510, 513, 48049, 8283
 233, 531, 511, 512, 48160, 8389
 233, 532, 510, 512, 48115, 8484
 233, 531, 511, 512, 48163, 8567
 233, 530, 511, 512, 48190, 8680
 233, 531, 511, 511, 48239, 8785
 231, 531, 513, 512, 48209, 8890
 233, 531, 512, 512, 48341, 8971
 233, 531, 511, 512, 48335, 9060
 233, 531, 511, 512, 48367, 9201
 233, 530, 511, 512, 48406, 9281
 234, 531, 510, 512, 48435, 9366
 232, 532, 512, 512, 48504, 9289
 232, 530, 511, 512, 48532, 9487
 232, 531, 511, 512, 48512, 9577
 231, 530, 511, 512, 48528, 9658
 232, 531, 511, 512, 48580, 9811
 232, 530, 511, 512, 48637, 9955
 231, 532, 511, 512, 48690, 10061
 231, 530, 511, 512, 48678, 10095
 231, 530, 511, 512, 48690, 10066
 232, 530, 511, 512, 48639, 9868
 231, 530, 511, 512, 48560, 9636
 232, 531, 511, 512, 48494, 9453
 234, 531, 510, 514, 48442, 9337
 231, 532, 510, 512, 48481, 9271
 232, 530, 511, 512, 48393, 9236
 232, 531, 511, 512, 48406, 9235
 232, 531, 511, 512, 48415, 9226
 232, 530, 510, 512, 48422, 9280
 232, 530, 512, 512, 48436, 9295
 232, 531, 511, 512, 48431, 9342
 231, 531, 511, 512, 48456, 9375
 232, 530, 511, 512, 48480, 9417
 232, 530, 511, 512, 48461, 9391
 231, 529, 510, 512, 48467, 9380
 232, 532, 512, 512, 48461, 9393
 232, 532, 511, 515, 48453, 9524
 232, 530, 511, 512, 48487, 9448
 232, 531, 511, 512, 48485, 9464
 232, 530, 511, 512, 48501, 9500
 232, 530, 511, 512, 48513, 9548
 232, 534, 511, 512, 48534, 9592
 230, 529, 513, 514, 48495, 9621
 232, 529, 511, 512, 48628, 9687
 232, 530, 511, 512, 48572, 9727
 232, 530, 511, 512, 48572, 9782
 232, 530, 511, 512, 48596, 9840
 233, 533, 510, 512, 48628, 9917
 232, 534, 512, 512, 48663, 9950
 232, 530, 512, 512, 48770, 10004
 231, 530, 511, 512, 48686, 10075
 231, 531, 512, 512, 48703, 10099
 231, 532, 511, 512, 48719, 10133
 231, 529, 511, 512, 48727, 10194
 232, 532, 511, 514, 48745, 10263
 231, 529, 511, 512, 48809, 10313
 231, 531, 511, 512, 48831, 10419
 231, 530, 511, 512, 48839, 10518
 231, 531, 511, 512, 48844, 10563
 231, 529, 511, 512, 48852, 10511
 231, 531, 512, 512, 48793, 10308
 231, 531, 511, 514, 48708, 10186
 231, 531, 511, 512, 48652, 9947
 232, 530, 511, 512, 48581, 9745
 232, 532, 511, 512, 48529, 9625
 232, 530, 511, 512, 48509, 9541
 231, 531, 510, 512, 48488, 9443
 232, 532, 513, 514, 48390, 9483
 232, 530, 511, 512, 48456, 9378
 232, 531, 511, 512, 48438, 9328
 232, 531, 511, 512, 48429, 9347
 232, 531, 511, 512, 48429, 9360
 233, 529, 511, 511, 48444, 9389
 232, 533, 513, 512, 48373, 9451
 232, 531, 510, 512, 48414, 9378
 232, 531, 511, 512, 48413, 9389
 232, 531, 511, 512, 48441, 9394
 232, 531, 510, 512, 48435, 9393
 232, 530, 510, 512, 48430, 9401
 231, 532, 511, 512, 48399, 9478
 232, 532, 511, 512, 48458, 9412
 232, 531, 511, 512, 48418, 9434
 231, 530, 511, 512, 48435, 9446
 232, 532, 510, 512, 48453, 9496
 232, 530, 511, 512, 48470, 9539
 232, 529, 512, 512, 48549, 9535
 232, 529, 511, 512, 48571, 9577
 231, 531, 511, 512, 48462, 9586
 232, 529, 510, 512, 48480, 9583
 232, 530, 511, 512, 48479, 9604
 232, 529, 511, 512, 48484, 9640
 233, 530, 510, 513, 48500, 9641
 232, 530, 511, 512, 48441, 9635
 232, 531, 511, 512, 48502, 9657
 232, 530, 511, 512, 48508, 9671
 232, 531, 511, 512, 48490, 9697
 233, 529, 511, 512, 48510, 9723
 232, 529, 512, 512, 48520, 9775
 232, 532, 511, 514, 48498, 9863
 231, 531, 511, 512, 48538, 9859
 233, 529, 511, 512, 48562, 9845
 234, 531, 511, 512, 48472, 9684
 233, 531, 510, 512, 48388, 9408
 233, 534, 512, 512, 48271, 9083
 233, 531, 511, 514, 48166, 9027
 233, 531, 511, 512, 48153, 8769
 232, 529, 511, 512, 48100, 8640
 233, 530, 511, 512, 48080, 8570
 232, 530, 510, 513, 48080, 8554
 232, 533, 510, 512, 48067, 8535
 233, 529, 513, 514, 48022, 8520
 233, 530, 511, 512, 48198, 8525
 232, 530, 511, 512, 48053, 8521
 233, 531, 511, 512, 48055, 8522
 233, 530, 511, 514, 48040, 8504
 234, 531, 510, 512, 48043, 8474
 233, 534, 512, 512, 48096, 8445
 233, 530, 512, 512, 48094, 8457
 233, 530, 511, 512, 48009, 8453
 233, 529, 511, 512, 48015, 8442
 231, 531, 510, 512, 48011, 8428
 234, 530, 511, 512, 47982, 8464
 230, 531, 511, 512, 48002, 8454
 233, 531, 511, 513, 48032, 8481
 233, 530, 512, 512, 48001, 8505
 233, 530, 511, 512, 48037, 8550
 232, 531, 511, 512, 48047, 8591
 233, 530, 511, 512, 48056, 8649
 234, 530, 510, 512, 48078, 8660
 233, 531, 511, 512, 48037, 8679
 232, 531, 510, 512, 48079, 8700
 232, 531, 511, 513, 48085, 8743
 233, 531, 511, 512, 48114, 8780
 232, 530, 511, 512, 48116, 8831
 234, 530, 512, 513, 48130, 8826
 232, 532, 511, 513, 48057, 8870
 232, 532, 511, 512, 48124, 8848
 233, 531, 510, 512, 48137, 8865
 232, 530, 511, 512, 48156, 8961
 233, 531, 510, 511, 48178, 8996
 233, 530, 512, 513, 48195, 9076
 232, 531, 511, 514, 48156, 9157
 232, 530, 511, 513, 48190, 9058
 233, 531, 512, 512, 48146, 8937
 232, 530, 511, 512, 48065, 8682
 232, 530, 512, 514, 47962, 8423
 232, 532, 512, 512, 47895, 8194
 232, 531, 511, 514, 47788, 8180
 232, 532, 511, 512, 47817, 8003
 232, 530, 511, 512, 47782, 7949
 231, 531, 511, 513, 47797, 7939
 231, 531, 511, 512, 47786, 7941
 231, 533, 510, 511, 47795, 7948
 234, 530, 513, 516, 47783, 7903
 232, 530, 511, 513, 47925, 7965
 232, 529, 511, 512, 47815, 8030
 233, 530, 511, 512, 47836, 8106
 233, 530, 511, 513, 47856, 8116
 234, 531, 511, 512, 47860, 8143
 232, 533, 512, 512, 47917, 8073
 231, 532, 511, 512, 47880, 8170
 232, 531, 510, 512, 47886, 8244
 232, 531, 511, 512, 47927, 8299
 232, 530, 511, 512, 47911, 8311
 232, 531, 511, 512, 47922, 8365
 231, 532, 510, 512, 47951, 8410
 232, 532, 510, 512, 48013, 8420
 233, 531, 511, 512, 47972, 8497
 231, 533, 511, 513, 48030, 8548
 233, 530, 511, 512, 48042, 8653
 233, 530, 510, 513, 48084, 8728
 234, 531, 510, 512, 48126, 8847
 233, 531, 510, 512, 48116, 8892
 231, 530, 511, 512, 48176, 8992
 232, 531, 510, 512, 48224, 9068
 232, 530, 510, 512, 48261, 9205
 232, 531, 510, 512, 48281, 9298
 232, 530, 511, 514, 48338, 9396
 232, 531, 511, 512, 48285, 9486
 232, 532, 511, 512, 48396, 9544
 231, 530, 511, 512, 48440, 9630
 233, 530, 511, 512, 48482, 9754
 232, 529, 511, 512, 48508, 9839
 232, 530, 512, 512, 48532, 9907
 232, 532, 511, 512, 48472, 10040
 232, 531, 511, 512, 48504, 9795
 232, 530, 511, 512, 48433, 9617
 233, 530, 511, 512, 48386, 9441
 232, 531, 511, 512, 48349, 9341
 232, 533, 511, 512, 48332, 9239
 232, 532, 511, 514, 48220, 9257
 232, 529, 510, 512, 48327, 9201
 232, 530, 511, 512, 48307, 9208
 232, 529, 511, 512, 48310, 9225
 231, 532, 511, 512, 48327, 9260
 233, 531, 511, 512, 48335, 9278
 232, 532, 512, 512, 48323, 9328
 232, 530, 511, 512, 48439, 9352
 232, 528, 511, 513, 48388, 9393
 232, 530, 512, 512, 48381, 9399
 232, 531, 511, 512, 48385, 9391
 233, 532, 510, 512, 48389, 9412
 231, 533, 510, 511, 48457, 9342
 232, 530, 511, 512, 48517, 9439
 232, 530, 511, 512, 48396, 9470
 232, 531, 511, 511, 48422, 9509
 232, 531, 511, 512, 48439, 9558
 232, 530, 511, 512, 48437, 9577
 232, 533, 511, 512, 48462, 9633
 232, 530, 511, 512, 48524, 9662
 233, 530, 511, 512, 48497, 9723
 231, 534, 510, 512, 48520, 9807
 234, 530, 511, 512, 48544, 9900
 233, 530, 510, 513, 48556, 9941
 235, 530, 510, 513, 48580, 9996
 233, 531, 511, 512, 48591, 10021
 231, 531, 511, 512, 48609, 10075
 231, 530, 512, 512, 48648, 10135
 231, 530, 511, 512, 48651, 10188
 231, 531, 511, 512, 48665, 10226
 232, 531, 512, 512, 48693, 10303
 231, 530, 511, 514, 48727, 10352
 231, 530, 511, 513, 48750, 10411
 231, 529, 511, 512, 48752, 10439
 231, 530, 511, 512, 48741, 10407
 231, 530, 511, 512, 48682, 10272
 232, 530, 510, 512, 48615, 10044
 232, 533, 513, 512, 48590, 10037
 234, 530, 511, 512, 48514, 9818
 232, 530, 511, 512, 48495, 9690
 233, 530, 511, 512, 48455, 9590
 232, 533, 511, 512, 48421, 9512
 232, 530, 511, 512, 48394, 9465
 232, 532, 510, 512, 48280, 9396
 232, 530, 511, 512, 48400, 9442
 232, 530, 511, 512, 48401, 9454
 232, 530, 512, 513, 48389, 9457
 231, 530, 512, 513, 48387, 9485
 233, 530, 511, 512, 48403, 9476
 234, 531, 511, 513, 48383, 9412
 232, 531, 510, 512, 48448, 9464
 232, 530, 511, 513, 48382, 9446
 232, 532, 510, 512, 48391, 9483
 232, 529, 510, 512, 48382, 9484
 232, 529, 510, 512, 48373, 9486
 233, 530, 513, 514, 48430, 9445
 233, 531, 511, 512, 48357, 9494
 233, 530, 511, 512, 48372, 9516
 233, 531, 511, 512, 48398, 9562
 233, 529, 511, 512, 48402, 9592
 233, 530, 510, 512, 48437, 9637
 233, 530, 512, 512, 48440, 9685
 233, 530, 511, 514, 48398, 9698
 232, 531, 511, 512, 48459, 9731
 232, 532, 511, 512, 48462, 9775
 232, 530, 510, 513, 48476, 9806
 232, 529, 510, 512, 48501, 9852
 232, 531, 511, 512, 48514, 9889
 232, 531, 513, 514, 48428, 9891
 232, 530, 511, 512, 48548, 9926
 232, 531, 511, 512, 48539, 9981
 232, 530, 510, 512, 48559, 10052
 234, 530, 513, 512, 48583, 10125
 232, 531, 510, 512, 48588, 10131
 234, 533, 514, 512, 48547, 10106
 234, 530, 511, 512, 48611, 10000
 232, 530, 511, 512, 48474, 9775
 232, 531, 511, 512, 48358, 9563
 232, 530, 511, 512, 48329, 9377
 232, 532, 510, 512, 48266, 9252
 233, 530, 511, 512, 48303, 9120
 232, 529, 512, 512, 48192, 9153
 232, 532, 511, 512, 48210, 9080
 233, 531, 512, 512, 48192, 9066
 232, 530, 511, 512, 48166, 9034
 233, 530, 510, 512, 48172, 9031
 234, 530, 510, 514, 48175, 9018
 233, 530, 511, 512, 48176, 9032
 233, 531, 511, 512, 48168, 9059
 233, 531, 511, 512, 48184, 9045
 233, 531, 511, 513, 48190, 9048
 232, 531, 510, 512, 48152, 9034
 231, 530, 512, 513, 48145, 9011
 233, 532, 511, 512, 48131, 9002
 232, 531, 511, 512, 48131, 9006
 233, 530, 511, 513, 48130, 8983
 232, 530, 510, 512, 48118, 8998
 232, 530, 510, 512, 48117, 8987
 233, 532, 512, 511, 48129, 9013
 233, 529, 511, 514, 48202, 9116
 232, 530, 511, 512, 48140, 9052
 233, 529, 511, 512, 48145, 9055
 233, 531, 511, 512, 48156, 9089
 232, 530, 511, 512, 48178, 9140
 232, 534, 511, 512, 48187, 9165
 232, 532, 513, 514, 48100, 9167
 233, 530, 511, 513, 48275, 9222
 232, 530, 511, 512, 48221, 9255
 232, 530, 511, 512, 48251, 9350
 232, 530, 511, 512, 48258, 9383
 233, 530, 511, 512, 48292, 9429
 232, 532, 513, 511, 48321, 9380
 232, 529, 511, 512, 48322, 9531
 232, 531, 511, 512, 48346, 9595
 232, 530, 511, 512, 48366, 9681
 233, 530, 510, 512, 48395, 9745
 232, 531, 511, 512, 48389, 9727
 231, 532, 510, 513, 48344, 9599
 232, 532, 511, 512, 48353, 9499
 232, 530, 511, 512, 48226, 9286
 233, 532, 511, 512, 48166, 9090
 233, 530, 512, 512, 48124, 9004
 233, 530, 510, 512, 48127, 8947
 233, 531, 510, 512, 48111, 8912
 231, 530, 511, 513, 48024, 8890
 234, 530, 511, 512, 48079, 8824
 234, 531, 511, 512, 48078, 8807
 234, 530, 510, 513, 48065, 8809
 234, 531, 510, 512, 48042, 8802
 234, 531, 510, 513, 48084, 8835
 231, 530, 511, 512, 48031, 8838
 233, 530, 511, 513, 48055, 8791
 232, 529, 511, 512, 48045, 8750
 233, 530, 510, 513, 48037, 8748
 233, 530, 512, 512, 48060, 8784
 233, 530, 512, 512, 48087, 8855
 233, 530, 511, 512, 48008, 8933
 233, 530, 511, 512, 48098, 8920
 233, 530, 512, 513, 48097, 8951
 232, 531, 511, 513, 48122, 8977
 232, 531, 510, 512, 48155, 9034
 233, 532, 512, 511, 48180, 9114
 232, 532, 511, 514, 48092, 9196
 232, 530, 511, 512, 48277, 9299
 232, 531, 511, 514, 48314, 9397
 232, 531, 511, 512, 48335, 9496
 232, 530, 510, 514, 48379, 9574
 232, 532, 510, 514, 48386, 9667
 233, 530, 513, 515, 48328, 9785
 233, 531, 511, 512, 48465, 9798
 232, 532, 511, 512, 48474, 9869
 232, 530, 512, 512, 48519, 9912
 231, 530, 511, 513, 48540, 9976
 233, 529, 511, 512, 48562, 10073
 234, 532, 510, 512, 48650, 10079
 231, 530, 511, 512, 48620, 10225
 234, 530, 511, 512, 48665, 10326
 231, 530, 511, 512, 48687, 10387
 231, 531, 511, 512, 48704, 10410
 231, 530, 510, 512, 48650, 10276
 232, 530, 510, 513, 48601, 10106
 232, 531, 511, 512, 48571, 10010
 232, 529, 511, 512, 48511, 9881
 232, 530, 513, 512, 48485, 9788
 233, 530, 511, 512, 48458, 9699
 232, 530, 510, 512, 48457, 9687
 232, 530, 512, 512, 48458, 9695
 233, 531, 511, 514, 48417, 9702
 233, 531, 511, 512, 48469, 9733
 232, 532, 511, 512, 48473, 9751
 232, 530, 511, 512, 48493, 9766
 231, 530, 510, 514, 48519, 9825
 232, 531, 512, 512, 48527, 9917
 232, 530, 511, 514, 48540, 9987
 232, 530, 511, 512, 48565, 9981
 232, 531, 511, 512, 48569, 10002
 231, 531, 511, 512, 48585, 10025
 232, 531, 510, 512, 48570, 10040
 232, 530, 510, 512, 48606, 10063
 232, 532, 513, 512, 48595, 10165
 234, 531, 510, 512, 48645, 10144
 231, 529, 511, 512, 48644, 10182
 231, 530, 511, 513, 48648, 10246
 231, 530, 510, 512, 48658, 10271
 231, 530, 510, 512, 48693, 10301
 232, 530, 510, 514, 48639, 10325
 232, 532, 511, 512, 48730, 10431
 231, 530, 511, 512, 48768, 10489
 232, 532, 511, 512, 48772, 10562
 230, 531, 511, 512, 48789, 10607
 231, 531, 510, 512, 48814, 10668
 232, 530, 512, 512, 48827, 10709
 231, 530, 511, 514, 48890, 10728
 231, 531, 512, 512, 48867, 10780
 231, 529, 511, 512, 48888, 10853
 231, 531, 511, 512, 48891, 10924
 231, 532, 510, 512, 48926, 10975
 232, 530, 511, 512, 48936, 11017
 232, 532, 513, 512, 48941, 11032
 232, 532, 510, 512, 48929, 10978
 231, 530, 511, 512, 48875, 10840
 232, 530, 511, 512, 48825, 10691
 231, 530, 511, 513, 48776, 10578
 231, 531, 511, 512, 48762, 10512
 232, 529, 511, 512, 48642, 10517
 231, 530, 511, 512, 48734, 10464
 231, 531, 511, 512, 48726, 10447
 231, 531, 511, 512, 48742, 10454
 231, 530, 511, 512, 48757, 10477
 232, 530, 511, 512, 48748, 10487
 231, 530, 512, 512, 48702, 10572
 231, 531, 511, 514, 48771, 10523
 231, 530, 511, 512, 48742, 10550
 231, 531, 512, 512, 48748, 10545
 232, 530, 511, 512, 48778, 10534
 232, 531, 510, 512, 48765, 10570
 232, 531, 510, 512, 48860, 10498
 231, 531, 513, 512, 48816, 10552
 231, 530, 511, 512, 48765, 10582
 231, 531, 511, 512, 48766, 10589
 231, 530, 511, 513, 48767, 10614
 231, 530, 510, 512, 48786, 10655
 232, 530, 510, 512, 48785, 10664
 232, 531, 510, 512, 48745, 10665
 231, 530, 511, 512, 48799, 10673
 232, 531, 511, 512, 48789, 10719
 232, 531, 511, 512, 48816, 10742
 232, 530, 511, 512, 48816, 10768
 232, 530, 511, 512, 48830, 10814
 231, 530, 512, 512, 48710, 10843
 234, 530, 511, 514, 48876, 10866
 231, 531, 513, 513, 48859, 10896
 232, 530, 511, 512, 48888, 10931
 231, 530, 511, 512, 48905, 10966
 231, 530, 511, 512, 48899, 11008
 232, 531, 511, 512, 48975, 10995
 231, 531, 513, 512, 48996, 11079
 232, 531, 511, 512, 48952, 11138
 235, 531, 511, 512, 48945, 11162
 232, 530, 511, 512, 48928, 11096
 232, 530, 511, 512, 48878, 10935
 231, 531, 510, 512, 48802, 10759
 232, 530, 511, 511, 48758, 10652
 231, 531, 511, 512, 48749, 10574
 231, 531, 511, 512, 48708, 10517
 232, 530, 511, 512, 48698, 10471
 231, 531, 510, 514, 48698, 10487
 231, 531, 510, 512, 48691, 10429
 231, 529, 512, 513, 48581, 10536
 231, 531, 511, 512, 48687, 10441
 231, 531, 512, 512, 48680, 10423
 231, 530, 511, 513, 48678, 10421
 231, 530, 511, 512, 48672, 10434
 232, 532, 511, 512, 48680, 10442
 231, 530, 510, 514, 48747, 10414
 231, 530, 513, 512, 48666, 10412
 231, 530, 511, 514, 48664, 10423
 231, 531, 511, 512, 48655, 10408
 230, 530, 511, 512, 48642, 10389
 231, 530, 510, 512, 48649, 10375
 231, 529, 511, 512, 48650, 10372
 232, 529, 511, 512, 48648, 10364
 232, 531, 511, 512, 48648, 10390
 231, 530, 511, 512, 48644, 10417
 232, 532, 511, 513, 48646, 10434
 232, 533, 511, 512, 48663, 10439
 232, 530, 510, 512, 48643, 10444
 231, 530, 512, 513, 48608, 10496
 231, 531, 511, 512, 48654, 10478
 231, 530, 511, 512, 48663, 10507
 231, 530, 511, 512, 48678, 10530
 231, 531, 511, 512, 48674, 10552
 232, 530, 510, 512, 48688, 10586
 231, 531, 510, 512, 48758, 10518
 232, 531, 513, 512, 48699, 10618
 231, 531, 511, 512, 48722, 10667
 231, 530, 511, 512, 48718, 10685
 231, 530, 511, 512, 48734, 10719
 232, 531, 510, 511, 48751, 10764
 233, 531, 511, 512, 48759, 10803
 232, 533, 510, 511, 48760, 10813
 231, 532, 511, 512, 48743, 10768
 231, 530, 511, 512, 48675, 10581
 231, 531, 511, 512, 48601, 10371
 232, 531, 511, 512, 48544, 10188
 234, 530, 511, 512, 48498, 10097
 231, 531, 512, 513, 48467, 10125
 232, 529, 511, 512, 48466, 9995
 232, 532, 511, 512, 48458, 9979
 232, 531, 511, 512, 48449, 9948
 233, 531, 510, 514, 48443, 9948
 233, 530, 511, 512, 48425, 9913
 232, 532, 512, 512, 48417, 9796
 232, 531, 510, 514, 48467, 9863
 232, 531, 511, 512, 48393, 9872
 232, 530, 511, 512, 48395, 9871
 232, 530, 511, 512, 48391, 9852
 232, 532, 510, 512, 48367, 9818
 232, 532, 510, 512, 48351, 9787
 233, 530, 513, 514, 48299, 9777
 233, 531, 511, 512, 48341, 9731
 233, 531, 511, 512, 48321, 9698
 233, 530, 511, 512, 48313, 9719
 232, 532, 511, 512, 48317, 9730
 233, 529, 511, 512, 48328, 9752
 232, 532, 514, 512, 48264, 9874
 232, 530, 511, 512, 48345, 9773
 232, 530, 511, 512, 48340, 9793
 232, 530, 511, 512, 48345, 9809
 233, 532, 511, 512, 48360, 9855
 233, 529, 510, 512, 48374, 9892
 231, 532, 511, 512, 48398, 9875
 232, 530, 511, 512, 48499, 9980
 232, 530, 511, 512, 48427, 10044
 231, 530, 510, 512, 48443, 10093
 232, 530, 511, 512, 48461, 10169
 231, 530, 510, 512, 48506, 10250
 233, 529, 511, 515, 48514, 10316
 232, 532, 510, 512, 48527, 10343
 231, 532, 510, 512, 48544, 10400
 231, 531, 511, 512, 48579, 10466
 231, 530, 511, 512, 48596, 10518
 232, 530, 511, 512, 48607, 10552
 233, 533, 511, 512, 48628, 10595
 232, 530, 511, 514, 48585, 10643
 231, 530, 511, 511, 48600, 10528
 231, 529, 511, 512, 48554, 10397
 234, 531, 511, 512, 48494, 10172
 232, 531, 511, 512, 48433, 10045
 233, 530, 510, 512, 48410, 10007
 233, 532, 510, 511, 48313, 10064
 234, 532, 511, 512, 48423, 9992
 232, 531, 511, 512, 48409, 9998
 232, 530, 511, 512, 48421, 10033
 232, 530, 511, 512, 48426, 10026
 231, 530, 510, 514, 48429, 10041
 233, 530, 511, 513, 48334, 10014
 231, 531, 510, 512, 48459, 10091
 232, 530, 511, 512, 48464, 10131
 235, 530, 511, 512, 48475, 10157
 234, 531, 511, 512, 48476, 10158
 234, 530, 510, 512, 48470, 10163
 231, 532, 512, 512, 48484, 10158
 231, 531, 511, 514, 48579, 10168
 231, 531, 511, 512, 48499, 10205
 231, 531, 511, 512, 48501, 10238
 234, 530, 510, 512, 48533, 10275
 231, 530, 511, 513, 48522, 10300
 232, 530, 510, 512, 48560, 10356
 231, 533, 513, 512, 48563, 10359
 232, 530, 511, 512, 48576, 10399
 232, 531, 511, 512, 48587, 10441
 231, 530, 511, 512, 48620, 10483
 232, 529, 511, 512, 48623, 10540
 232, 530, 510, 512, 48632, 10578
 233, 530, 510, 514, 48650, 10635
 231, 530, 511, 513, 48663, 10649
 231, 530, 511, 512, 48696, 10710
 232, 529, 511, 512, 48693, 10737
 231, 531, 513, 512, 48709, 10770
 232, 531, 511, 512, 48719, 10815
 232, 530, 512, 512, 48666, 10862
 231, 531, 511, 515, 48882, 10913
 231, 530, 512, 512, 48766, 10961
 231, 532, 511, 512, 48786, 10999
 232, 530, 511, 513, 48805, 11046
 231, 531, 511, 512, 48814, 11034
 232, 530, 512, 512, 48878, 10956
 231, 533, 513, 512, 48792, 10868
 232, 530, 511, 512, 48716, 10772
 231, 531, 511, 512, 48682, 10664
 231, 530, 511, 512, 48662, 10623
 231, 530, 511, 514, 48674, 10629
 231, 530, 511, 512, 48681, 10654
 232, 530, 511, 512, 48676, 10663
 231, 530, 511, 514, 48700, 10682
 231, 532, 511, 512, 48693, 10715
 231, 530, 511, 512, 48707, 10741
 231, 531, 510, 512, 48713, 10741
 231, 532, 510, 512, 48733, 10787
 230, 530, 512, 512, 48599, 10839
 232, 530, 511, 514, 48760, 10840
 232, 530, 511, 512, 48737, 10843
 232, 531, 511, 512, 48756, 10831
 232, 532, 510, 512, 48769, 10849
 232, 530, 511, 512, 48764, 10870
 232, 529, 511, 512, 48839, 10806
 231, 531, 514, 512, 48789, 10898
 232, 531, 512, 512, 48784, 10926
 231, 530, 511, 512, 48788, 10958
 232, 530, 511, 512, 48794, 11002
 232, 530, 511, 514, 48804, 11020
 232, 530, 510, 512, 48806, 11019
 232, 529, 510, 512, 48796, 11033
 234, 530, 511, 512, 48831, 11072
 232, 531, 511, 512, 48815, 11088
 231, 530, 511, 513, 48843, 11092
 232, 530, 511, 512, 48830, 11106
 232, 531, 511, 512, 48849, 11132
 232, 530, 512, 511, 48776, 11129
 232, 530, 513, 512, 48858, 11126
 232, 530, 511, 512, 48852, 11153
 232, 530, 511, 512, 48844, 11183
 232, 529, 511, 512, 48852, 11227
 231, 532, 511, 512, 48879, 11271
 231, 530, 511, 512, 48954, 11245
 232, 532, 512, 512, 48959, 11264
 232, 531, 511, 513, 48843, 11149
 231, 531, 511, 512, 48780, 10975
 232, 530, 510, 512, 48728, 10832
 231, 530, 510, 512, 48700, 10711
 232, 530, 511, 512, 48667, 10658
 232, 531, 510, 512, 48666, 10651
 232, 530, 511, 512, 48649, 10627
 231, 531, 512, 513, 48644, 10613
 231, 531, 511, 512, 48659, 10601
 231, 531, 513, 512, 48619, 10576
 232, 532, 511, 512, 48617, 10545
 232, 530, 512, 512, 48586, 10572
 232, 530, 511, 512, 48610, 10529
 232, 531, 511, 512, 48607, 10518
 232, 530, 511, 512, 48599, 10496
 232, 530, 511, 512, 48581, 10468
 232, 529, 510, 512, 48577, 10453
 232, 530, 513, 513, 48643, 10406
 232, 531, 514, 512, 48612, 10407
 231, 531, 511, 512, 48566, 10398
 232, 530, 511, 512, 48536, 10383
 232, 532, 510, 514, 48549, 10361
 232, 531, 511, 512, 48527, 10384
 233, 530, 510, 512, 48515, 10362
 232, 532, 512, 512, 48553, 10363
 232, 531, 511, 512, 48525, 10359
 232, 530, 511, 512, 48529, 10357
 232, 530, 511, 512, 48521, 10370
 232, 529, 511, 512, 48516, 10355
 232, 530, 511, 512, 48509, 10340
 232, 531, 513, 513, 48416, 10346
 231, 531, 511, 513, 48507, 10321
 231, 530, 511, 514, 48491, 10292
 231, 530, 511, 512, 48483, 10298
 231, 531, 511, 512, 48491, 10272
 231, 530, 511, 514, 48477, 10311
 232, 532, 510, 512, 48527, 10268
 231, 531, 513, 512, 48599, 10376
 233, 530, 511, 514, 48519, 10436
 231, 530, 511, 512, 48523, 10472
 232, 530, 511, 513, 48534, 10436
 231, 529, 511, 512, 48485, 10280
 232, 531, 510, 513, 48411, 10095
 232, 532, 511, 512, 48370, 10003
 231, 531, 511, 513, 48323, 9865
 233, 530, 510, 514, 48287, 9745
 234, 531, 511, 513, 48270, 9684
 234, 530, 511, 512, 48261, 9665
 234, 530, 510, 512, 48256, 9673
 236, 530, 510, 513, 48276, 9731
 232, 531, 511, 512, 48243, 9630
 233, 530, 510, 512, 48232, 9626
 233, 531, 511, 514, 48251, 9619
 233, 530, 511, 512, 48269, 9674
 233, 531, 510, 512, 48278, 9706
 233, 531, 512, 513, 48282, 9616
 233, 530, 511, 512, 48368, 9731
 232, 531, 511, 512, 48273, 9729
 232, 533, 511, 512, 48275, 9732
 233, 530, 511, 512, 48284, 9738
 233, 530, 511, 514, 48276, 9754
 232, 530, 512, 513, 48297, 9813
 232, 532, 511, 515, 48272, 9824
 232, 530, 511, 512, 48323, 9856
 233, 531, 510, 512, 48344, 9890
 232, 531, 511, 512, 48348, 9919
 232, 530, 511, 512, 48375, 9955
 232, 532, 510, 512, 48362, 9997
 232, 531, 511, 514, 48306, 10073
 234, 532, 511, 512, 48377, 10016
 232, 530, 511, 512, 48398, 10046
 232, 528, 511, 513, 48403, 10082
 231, 531, 511, 512, 48425, 10136
 234, 529, 511, 512, 48444, 10179
 232, 533, 510, 512, 48414, 10226
 232, 530, 511, 512, 48579, 10232
 234, 531, 511, 512, 48487, 10286
 231, 530, 510, 512, 48513, 10333
 232, 530, 511, 513, 48523, 10402
 231, 530, 512, 512, 48538, 10458
 233, 530, 510, 513, 48561, 10454
 231, 530, 511, 512, 48510, 10414
 231, 530, 511, 512, 48513, 10285
 231, 530, 511, 512, 48445, 10133
 230, 530, 511, 512, 48407, 10011
 232, 531, 511, 512, 48391, 9915
 231, 532, 511, 512, 48366, 9859
 233, 530, 511, 514, 48370, 9866
 233, 531, 511, 512, 48376, 9884
 234, 530, 511, 512, 48393, 9930
 234, 531, 511, 512, 48409, 9945
 234, 531, 510, 512, 48418, 9968
 233, 531, 511, 512, 48426, 9978
 232, 530, 513, 514, 48386, 10005
 231, 529, 513, 512, 48466, 10066
 231, 530, 510, 512, 48489, 10133
 231, 530, 511, 511, 48502, 10175
 231, 531, 511, 512, 48505, 10196
 235, 531, 511, 513, 48530, 10235
 234, 532, 510, 512, 48544, 10315
 232, 531, 511, 512, 48545, 10269
 232, 530, 511, 512, 48562, 10322
 231, 530, 511, 512, 48594, 10406
 231, 530, 510, 512, 48609, 10464
 232, 531, 510, 512, 48649, 10527
 231, 532, 510, 513, 48623, 10529
 231, 530, 510, 512, 48768, 10664
 231, 531, 510, 512, 48712, 10789
 232, 529, 511, 512, 48780, 10842
 232, 532, 510, 512, 48775, 10935
 232, 531, 510, 512, 48811, 10978
 230, 532, 511, 512, 48824, 11026
 231, 530, 513, 514, 48884, 11074
 231, 531, 511, 512, 48863, 11135
 232, 530, 511, 512, 48903, 11180
 232, 531, 511, 512, 48911, 11236
 232, 531, 510, 512, 48956, 11307
 233, 531, 510, 514, 48952, 11372
 231, 534, 510, 512, 48916, 11416
 232, 532, 511, 512, 48981, 11465
 232, 532, 510, 512, 48996, 11486
 232, 531, 511, 512, 48980, 11407
 231, 531, 511, 513, 48925, 11283
 233, 530, 510, 512, 48900, 11157
 235, 530, 511, 514, 48849, 11135
 232, 531, 511, 512, 48851, 11030
 232, 531, 511, 514, 48833, 10995
 232, 530, 511, 512, 48840, 11010
 232, 531, 511, 512, 48856, 11044
 231, 529, 510, 512, 48850, 11071
 231, 532, 510, 512, 48851, 11161
 231, 530, 511, 514, 48978, 11087
 232, 530, 511, 512, 48881, 11130
 232, 530, 511, 512, 48889, 11158
 232, 531, 510, 512, 48915, 11159
 234, 531, 510, 512, 48911, 11185

